Date,HDFCBANK.NS,RELIANCE.NS,TCS.NS
2024-05-02,1511.6082763671875,1461.5894775390625,3808.148681640625
2024-05-03,1499.128662109375,1429.1495361328125,3788.532470703125
2024-05-06,1502.1376953125,1414.7235107421875,3865.07421875
2024-05-07,1485.8599853515625,1396.7344970703125,3922.147705078125
2024-05-08,1462.676513671875,1413.7518310546875,3920.176025390625
2024-05-09,1428.0,1389.409423828125,3903.6650390625
2024-05-10,1437.9000244140625,1402.6644287109375,3838.3115234375
2024-05-13,1455.25,1397.955322265625,3891.442138671875
2024-05-14,1460.949951171875,1415.271484375,3845.50732421875
2024-05-15,1438.5,1411.4844970703125,3825.004150390625
2024-05-16,1460.25,1420.5286865234375,3873.208984375
2024-05-17,1464.0999755859375,1430.84375,3806.83447265625
2024-05-21,1458.800048828125,1431.267333984375,3793.033447265625
2024-05-22,1459.199951171875,1455.7093505859375,3804.74951171875
2024-05-23,1492.5999755859375,1481.0234375,3865.76220703125
2024-05-24,1517.199951171875,1475.2430419921875,3822.124755859375
2024-05-27,1527.699951171875,1461.2904052734375,3819.6923828125
2024-05-28,1530.5,1451.2742919921875,3812.593017578125
2024-05-29,1508.300048828125,1435.901611328125,3776.60107421875
2024-05-30,1514.8499755859375,1420.0303955078125,3709.531494140625
2024-05-31,1531.550048828125,1425.5616455078125,3644.8447265625
2024-06-03,1572.199951171875,1505.21630859375,3676.517822265625
2024-06-04,1483.1500244140625,1392.5487060546875,3688.58154296875
2024-06-05,1551.800048828125,1415.9443359375,3719.807861328125
2024-06-06,1559.699951171875,1426.757568359375,3803.16064453125
2024-06-07,1573.3499755859375,1464.977783203125,3866.259033203125
2024-06-10,1561.300048828125,1466.4229736328125,3831.259521484375
2024-06-11,1564.800048828125,1451.747802734375,3824.70654296875
2024-06-12,1574.1500244140625,1458.375244140625,3804.401611328125
2024-06-13,1580.75,1460.2938232421875,3850.571044921875
2024-06-14,1596.9000244140625,1472.55224609375,3804.799072265625
2024-06-18,1607.800048828125,1476.0155029296875,3787.969482421875
2024-06-19,1657.8499755859375,1453.7161865234375,3774.664794921875
2024-06-20,1669.3499755859375,1468.7152099609375,3760.31787109375
2024-06-21,1665.75,1449.2811279296875,3783.650634765625
2024-06-24,1672.4000244140625,1436.59912109375,3789.65771484375
2024-06-25,1711.3499755859375,1449.2313232421875,3811.153564453125
2024-06-26,1701.5,1508.90380859375,3828.429931640625
2024-06-27,1696.1500244140625,1525.3729248046875,3906.1728515625
2024-06-28,1683.800048828125,1560.1051025390625,3876.38623046875
2024-07-01,1705.199951171875,1554.872802734375,3949.90966796875
2024-07-02,1730.5999755859375,1559.880859375,3988.830810546875
2024-07-03,1768.6500244140625,1547.1739501953125,3937.0517578125
2024-07-04,1727.1500244140625,1548.7685546875,3992.355712890625
2024-07-05,1648.0999755859375,1583.25146484375,3983.27099609375
2024-07-08,1635.3499755859375,1595.4849853515625,3964.802978515625
2024-07-09,1636.5,1584.8958740234375,3957.157958984375
2024-07-10,1626.0999755859375,1578.8663330078125,3881.350830078125
2024-07-11,1621.9000244140625,1575.303466796875,3895.79736328125
2024-07-12,1622.699951171875,1591.3240966796875,4154.19677734375
2024-07-15,1622.0999755859375,1591.8223876953125,4139.55224609375
2024-07-16,1619.75,1570.9183349609375,4148.736328125
2024-07-18,1614.800048828125,1581.30810546875,4284.86083984375
2024-07-19,1607.300048828125,1549.8897705078125,4281.7255859375
2024-07-22,1642.550048828125,1495.5989990234375,4266.748046875
2024-07-23,1618.4000244140625,1482.8671875,4281.67626953125
2024-07-24,1604.050048828125,1490.6407470703125,4285.55712890625
2024-07-25,1616.5999755859375,1487.3519287109375,4301.72900390625
2024-07-26,1618.1500244140625,1503.9207763671875,4366.76513671875
2024-07-29,1605.050048828125,1514.958251953125,4360.0478515625
2024-07-30,1615.550048828125,1508.03173828125,4344.37353515625
2024-07-31,1615.75,1500.3328857421875,4364.27734375
2024-08-01,1638.800048828125,1510.174560546875,4375.970703125
2024-08-02,1659.1500244140625,1494.25341796875,4262.46826171875
2024-08-05,1615.75,1442.4293212890625,4135.08349609375
2024-08-06,1601.199951171875,1451.125,4151.15673828125
2024-08-07,1623.5,1459.8701171875,4180.265625
2024-08-08,1642.699951171875,1444.223388671875,4152.49951171875
2024-08-09,1650.199951171875,1469.313232421875,4208.4296875
2024-08-12,1660.0999755859375,1455.6844482421875,4175.48876953125
2024-08-13,1603.199951171875,1458.67431640625,4176.78271484375
2024-08-14,1607.800048828125,1456.9052734375,4274.6103515625
2024-08-16,1632.0999755859375,1473.199951171875,4394.82958984375
2024-08-19,1631.550048828125,1488.4000244140625,4468.42431640625
2024-08-20,1637.699951171875,1495.949951171875,4501.564453125
2024-08-21,1625.800048828125,1498.675048828125,4529.62890625
2024-08-22,1631.300048828125,1498.125,4480.36669921875
2024-08-23,1625.050048828125,1499.9749755859375,4442.44970703125
2024-08-26,1639.949951171875,1512.5999755859375,4480.81494140625
2024-08-27,1637.75,1500.449951171875,4475.5400390625
2024-08-28,1637.0999755859375,1498.300048828125,4484.3974609375
2024-08-29,1638.550048828125,1520.925048828125,4490.11962890625
2024-08-30,1636.9000244140625,1509.625,4531.86767578125
2024-09-02,1626.949951171875,1516.25,4499.32470703125
2024-09-03,1637.3499755859375,1509.125,4490.6669921875
2024-09-04,1641.800048828125,1514.550048828125,4457.72607421875
2024-09-05,1645.449951171875,1492.9749755859375,4454.44189453125
2024-09-06,1636.949951171875,1464.824951171875,4435.33447265625
2024-09-09,1646.5,1462.449951171875,4428.1689453125
2024-09-10,1650.3499755859375,1461.5250244140625,4486.18896484375
2024-09-11,1643.9000244140625,1451.5,4457.82568359375
2024-09-12,1666.5999755859375,1479.800048828125,4495.99169921875
2024-09-13,1665.949951171875,1472.625,4500.86767578125
2024-09-16,1670.949951171875,1471.3499755859375,4491.5625
2024-09-17,1668.800048828125,1472.300048828125,4483.9990234375
2024-09-18,1694.800048828125,1463.449951171875,4325.265625
2024-09-19,1708.5,1469.675048828125,4275.50537109375
2024-09-20,1741.199951171875,1485.925048828125,4264.3095703125
2024-09-23,1759.800048828125,1493.375,4247.98876953125
2024-09-24,1768.050048828125,1489.375,4250.77490234375
2024-09-25,1779.0999755859375,1493.949951171875,4254.208984375
2024-09-26,1783.449951171875,1497.949951171875,4271.873046875
2024-09-27,1752.6500244140625,1526.175048828125,4287.99560546875
2024-09-30,1732.050048828125,1476.574951171875,4247.98876953125
2024-10-01,1726.199951171875,1464.824951171875,4267.29541015625
2024-10-03,1682.0,1406.9749755859375,4212.41064453125
2024-10-04,1657.6500244140625,1386.5250244140625,4231.81689453125
2024-10-07,1617.800048828125,1370.7249755859375,4252.31787109375
2024-10-08,1651.050048828125,1397.3499755859375,4232.81201171875
2024-10-09,1633.1500244140625,1374.5999755859375,4232.513671875
2024-10-10,1662.4000244140625,1371.050048828125,4207.0859375
2024-10-11,1651.0,1372.0999755859375,4129.26220703125
2024-10-14,1688.0999755859375,1372.5250244140625,4116.77197265625
2024-10-15,1684.0999755859375,1344.0250244140625,4097.017578125
2024-10-16,1699.800048828125,1354.074951171875,4075.272705078125
2024-10-17,1673.1500244140625,1356.425048828125,4089.25537109375
2024-10-18,1681.8499755859375,1359.300048828125,4113.24755859375
2024-10-21,1728.699951171875,1369.199951171875,4070.150634765625
2024-10-22,1714.550048828125,1343.3499755859375,4005.95361328125
2024-10-23,1735.800048828125,1338.5250244140625,4056.5830078125
2024-10-24,1749.6500244140625,1339.800048828125,4038.2763671875
2024-10-25,1743.4000244140625,1327.8499755859375,4047.903564453125
2024-10-28,1734.199951171875,1334.3499755859375,4081.12451171875
2024-10-29,1751.8499755859375,1340.0,4065.5615234375
2024-10-30,1734.5999755859375,1343.9000244140625,4074.939208984375
2024-10-31,1735.699951171875,1332.050048828125,3959.015380859375
2024-11-01,1737.300048828125,1338.6500244140625,3974.72802734375
2024-11-04,1714.0999755859375,1302.1500244140625,3954.7255859375
2024-11-05,1757.8499755859375,1305.300048828125,3961.90869140625
2024-11-06,1755.25,1325.3499755859375,4129.80810546875
2024-11-07,1746.550048828125,1305.6500244140625,4141.03173828125
2024-11-08,1754.449951171875,1283.75,4137.14111328125
2024-11-11,1766.300048828125,1272.699951171875,4188.71826171875
2024-11-12,1718.199951171875,1274.25,4187.4208984375
2024-11-13,1681.3499755859375,1252.050048828125,4140.48291015625
2024-11-14,1692.75,1267.5999755859375,4136.04345703125
2024-11-18,1705.0999755859375,1260.75,4009.944091796875
2024-11-19,1742.25,1241.6500244140625,4029.946533203125
2024-11-21,1741.199951171875,1223.0,4063.167236328125
2024-11-22,1745.5999755859375,1265.4000244140625,4234.5087890625
2024-11-25,1785.5999755859375,1287.0,4304.84130859375
2024-11-26,1785.550048828125,1295.699951171875,4342.35205078125
2024-11-27,1812.300048828125,1293.199951171875,4322.24951171875
2024-11-28,1793.1500244140625,1270.800048828125,4234.80810546875
2024-11-29,1796.050048828125,1292.199951171875,4260.69677734375
2024-12-02,1804.699951171875,1309.1500244140625,4266.482421875
2024-12-03,1826.300048828125,1323.300048828125,4292.5205078125
2024-12-04,1860.0999755859375,1308.949951171875,4344.0478515625
2024-12-05,1865.75,1322.050048828125,4453.43701171875
2024-12-06,1855.8499755859375,1311.550048828125,4434.93115234375
2024-12-09,1870.0,1295.1500244140625,4441.5654296875
2024-12-10,1868.0999755859375,1284.8499755859375,4422.01171875
2024-12-11,1863.0999755859375,1278.199951171875,4416.92431640625
2024-12-12,1859.25,1262.9000244140625,4444.35888671875
2024-12-13,1871.75,1272.8499755859375,4463.263671875
2024-12-16,1865.199951171875,1268.300048828125,4404.70361328125
2024-12-17,1833.25,1245.300048828125,4318.20947265625
2024-12-18,1810.699951171875,1253.25,4337.513671875
2024-12-19,1793.5,1230.449951171875,4261.744140625
2024-12-20,1771.5,1205.300048828125,4160.38525390625
2024-12-23,1801.0,1222.300048828125,4148.4140625
2024-12-24,1798.0999755859375,1222.75,4169.5634765625
2024-12-26,1790.75,1216.550048828125,4159.1884765625
2024-12-27,1798.25,1221.050048828125,4154.94873046875
2024-12-30,1777.9000244140625,1210.699951171875,4148.91259765625
2024-12-31,1772.8499755859375,1215.449951171875,4085.065185546875
2025-01-01,1782.75,1221.25,4102.67333984375
2025-01-02,1793.75,1241.800048828125,4165.82275390625
2025-01-03,1749.199951171875,1251.1500244140625,4090.15283203125
2025-01-06,1710.5,1218.0,4085.2646484375
2025-01-07,1713.4000244140625,1240.8499755859375,4018.72314453125
2025-01-08,1694.300048828125,1265.5,4098.6328125
2025-01-09,1667.800048828125,1254.75,4029.248291015625
2025-01-10,1656.75,1241.9000244140625,4255.5087890625
2025-01-13,1630.8499755859375,1239.8499755859375,4280.8984375
2025-01-14,1646.5999755859375,1238.75,4222.986328125
2025-01-15,1643.050048828125,1252.199951171875,4239.4970703125
2025-01-16,1652.050048828125,1266.449951171875,4196.2998046875
2025-01-17,1636.75,1302.3499755859375,4124.2998046875
2025-01-20,1651.25,1305.449951171875,4077.800048828125
2025-01-21,1642.4000244140625,1273.699951171875,4035.85009765625
2025-01-22,1666.050048828125,1277.0999755859375,4156.60009765625
2025-01-23,1664.9000244140625,1263.6500244140625,4145.4501953125
2025-01-24,1649.800048828125,1246.300048828125,4152.35009765625
2025-01-27,1629.800048828125,1229.3499755859375,4065.14990234375
2025-01-28,1670.4000244140625,1234.4000244140625,4040.300048828125
2025-01-29,1677.300048828125,1235.5,4099.7998046875
2025-01-30,1691.5,1253.050048828125,4100.0498046875
2025-01-31,1698.75,1265.0999755859375,4112.39990234375
2025-02-01,1690.949951171875,1264.5999755859375,4073.14990234375
2025-02-03,1678.0,1245.9000244140625,4068.64990234375
2025-02-04,1720.9000244140625,1285.199951171875,4107.0498046875
2025-02-05,1737.800048828125,1278.199951171875,4091.10009765625
2025-02-06,1743.8499755859375,1281.550048828125,4082.75
2025-02-07,1732.75,1266.699951171875,4029.39990234375
2025-02-10,1715.75,1253.6500244140625,4036.949951171875
2025-02-11,1701.4000244140625,1234.8499755859375,3963.550048828125
2025-02-12,1706.800048828125,1216.550048828125,3950.14990234375
2025-02-13,1697.699951171875,1216.0999755859375,3910.14990234375
2025-02-14,1694.8499755859375,1217.25,3934.85009765625
2025-02-17,1717.3499755859375,1224.9000244140625,3904.5
2025-02-18,1723.050048828125,1225.4000244140625,3873.199951171875
2025-02-19,1727.199951171875,1227.449951171875,3784.10009765625
2025-02-20,1687.0999755859375,1233.0,3779.39990234375
2025-02-21,1692.5,1228.1500244140625,3786.0
2025-02-24,1677.0999755859375,1214.550048828125,3675.60009765625
2025-02-25,1682.3499755859375,1204.0,3629.550048828125
2025-02-27,1700.699951171875,1207.0999755859375,3612.550048828125
2025-02-28,1732.4000244140625,1200.0999755859375,3483.25
2025-03-03,1701.550048828125,1171.25,3493.050048828125
2025-03-04,1710.0,1161.9000244140625,3532.050048828125
2025-03-05,1690.0,1175.5999755859375,3547.050048828125
2025-03-06,1691.199951171875,1209.5999755859375,3601.60009765625
2025-03-07,1689.25,1249.800048828125,3611.199951171875
2025-03-10,1687.5,1238.4000244140625,3589.64990234375
2025-03-11,1685.5,1247.300048828125,3575.300048828125
2025-03-12,1711.1500244140625,1257.050048828125,3506.199951171875
2025-03-13,1706.5999755859375,1247.9000244140625,3511.050048828125
2025-03-17,1710.4000244140625,1238.8499755859375,3497.699951171875
2025-03-18,1710.4000244140625,1238.8499755859375,3497.699951171875
2025-03-19,1744.0999755859375,1247.1500244140625,3497.10009765625
2025-03-20,1768.75,1269.1500244140625,3563.14990234375
2025-03-21,1770.3499755859375,1276.3499755859375,3578.10009765625
2025-03-24,1800.0,1302.0999755859375,3628.949951171875
2025-03-25,1821.449951171875,1285.449951171875,3657.75
2025-03-26,1806.550048828125,1273.050048828125,3635.800048828125
2025-03-27,1825.3499755859375,1278.199951171875,3651.199951171875
2025-03-28,1828.199951171875,1275.0999755859375,3606.14990234375
2025-04-01,1767.8499755859375,1252.5999755859375,3550.800048828125
2025-04-02,1796.9000244140625,1251.1500244140625,3543.949951171875
2025-04-03,1794.8499755859375,1248.699951171875,3403.14990234375
2025-04-04,1817.300048828125,1204.699951171875,3299.39990234375
2025-04-07,1757.699951171875,1165.699951171875,3274.050048828125
2025-04-08,1769.1500244140625,1182.199951171875,3292.949951171875
2025-04-09,1765.0,1185.3499755859375,3246.60009765625
2025-04-11,1806.75,1218.949951171875,3231.5
2025-04-15,1864.9000244140625,1240.0999755859375,3248.199951171875
2025-04-16,1878.0,1239.300048828125,3273.800048828125
2025-04-17,1906.699951171875,1274.5,3298.89990234375
2025-04-21,1927.0999755859375,1295.5,3321.60009765625
2025-04-22,1961.699951171875,1291.199951171875,3314.39990234375
2025-04-23,1923.9000244140625,1300.0,3413.0
2025-04-24,1916.800048828125,1301.5999755859375,3401.60009765625
2025-04-25,1911.199951171875,1300.4000244140625,3448.0
